﻿<?xml version="1.0" encoding="utf-8"?>
<ads>
  <ad id="1" title="a1" imgsrc="/ImgUpload/Main/2014_01/201401200450386.jpg" href="javascript:void(0);" width="770" height="420" pagename="首页" des="幻灯片" />
  <ad id="2" title="a2" imgsrc="/ImgUpload/Main/2014_01/201401200450396.jpg" href="javascript:void(0);" width="770" height="420" pagename="首页" des="幻灯片" />
  <ad id="3" title="a3" imgsrc="/ImgUpload/Main/2014_01/201401200450401.jpg" href="javascript:void(0);" width="770" height="420" pagename="首页" des="幻灯片" />
  <ad id="4" title="a4" imgsrc="/ImgUpload/Main/2014_01/201401200450405.jpg" href="javascript:void(0);" width="770" height="420" pagename="首页" des="幻灯片" />
  <ad id="5" title="b1" imgsrc="/ImgUpload/Main/2014_01/201401200450418.jpg" href="javascript:void(0);" width="770" height="420" pagename="首页" des="幻灯片" />
  <ad id="15" title="团购顶部" imgsrc="../Images/tuanad.jpg" href="javascript:void(0);" width="1190" height="90" pagename="团购" des="广告" />
  <ad id="16" title="抢购一楼" imgsrc="../Images/pan_ad02.jpg" href="javascript:void(0);" width="240" height="463" pagename="抢购" des="一楼广告" />
  <ad id="17" title="抢购二楼" imgsrc="../Images/pan_ad03.jpg" href="javascript:void(0);" width="240" height="463" pagename="抢购" des="二楼广告" />
  <ad id="18" title="抢购中部广告一" imgsrc="../Images/pan_ad04.jpg" href="javascript:void(0);" width="1190" height="91" pagename="抢购" des="中部广告一" />
  <ad id="19" title="抢购三楼" imgsrc="../Images/pan_ad05.jpg" href="javascript:void(0);" width="240" height="463" pagename="抢购" des="三楼广告" />
  <ad id="20" title="抢购四楼" imgsrc="../Images/pan_ad06.jpg" href="javascript:void(0);" width="240" height="463" pagename="抢购" des="四楼广告" />
  <ad id="21" title="抢购中部广告二" imgsrc="../Images/pan_ad07.jpg" href="javascript:void(0);" width="1190" height="91" pagename="抢购" des="中部广告一" />
  <ad id="22" title="抢购五楼" imgsrc="../Images/pan_ad08.jpg" href="javascript:void(0);" width="240" height="463" pagename="抢购" des="五楼广告" />
  <ad id="23" title="抢购六楼" imgsrc="../Images/pan_ad09.jpg" href="javascript:void(0);" width="240" height="463" pagename="抢购" des="六楼广告" />
  <ad id="24" title="供求中部广告一" imgsrc="../Images/supply01.jpg" href="javascript:void(0);" width="1190" height="90" pagename="供求" des="供求中部广告一" />
  <ad id="25" title="供求中部广告二" imgsrc="../Images/supply02.jpg" href="javascript:void(0);" width="1190" height="90" pagename="供求" des="供求中部广告二" />
  <ad id="26" title="供求中部广告三" imgsrc="../Images/supply03.jpg" href="javascript:void(0);" width="1190" height="90" pagename="供求" des="供求中部广告三" />
  <ad id="86" title="供求中部广告四" imgsrc="../Images/supply02.jpg" href="javascript:void(0);" width="1190" height="90" pagename="供求" des="供求中部广告四" />
  <ad id="27" title="分类中部广告一" imgsrc="../Images/supply01.jpg" href="javascript:void(0);" width="1190" height="90" pagename="分类" des="分类中部广告一" />
  <ad id="28" title="分类中部广告二" imgsrc="../Images/supply02.jpg" href="javascript:void(0);" width="1190" height="90" pagename="分类" des="分类中部广告二" />
  <ad id="29" title="分类中部广告三" imgsrc="../Images/supply03.jpg" href="javascript:void(0);" width="1190" height="90" pagename="分类" des="分类中部广告二" />
  <ad id="30" title="资讯二楼" imgsrc="/ImgUpload/2011082311054920.png" href="javascript:void(0);" width="1190" height="90" pagename="资讯官网" des="资讯二楼" />
  <ad id="93" title="资讯一楼" imgsrc="/ImgUpload/2011082311054920.png" href="javascript:void(0);" width="1190" height="90" pagename="资讯官网" des="资讯一楼" />
  <ad id="31" title="国内资讯推荐" imgsrc="/ImgUpload/2011082311104520.gif" href="javascript:void(0)" width="126" height="136" pagename="商城资讯" des="国内资讯推荐" />
  <ad id="32" title="周末限时" imgsrc="/ImgUpload/2011082217220155.jpg" href="javascript:void(0)" width="1190" height="90" pagename="分类信息" des="周末限时" />
  <ad id="33" title="adv11" imgsrc="/ImgUpload/2011082311363937.jpg" href="javascript:void(0)" width="280" height="97" pagename="分类信息" des="分类信息" />
  <ad id="34" title="疯狂让利" imgsrc="/ImgUpload/2011082217390423.jpg" href="javascript:void(0)" width="1190" height="93" pagename="商城购物" des="疯狂让利" />
  <ad id="35" title="疯狂购物" imgsrc="/ImgUpload/2011082217220155.jpg" href="javascript:void(0)" width="1190" height="93" pagename="商城购物" des="疯狂购物" />
  <ad id="36" title="国内热点资讯" imgsrc="/ImgUpload/2011082313330463.gif" href="javascript:void(0)" width="219" height="119" pagename="商城资讯" des="国内热点资讯" />
  <ad id="32" title="周末限时" imgsrc="/ImgUpload/2011082217220155.jpg" href="javascript:void(0)" width="1000" height="90" pagename="分类信息" des="周末限时" />
  <ad id="33" title="adv11" imgsrc="/ImgUpload/2011082311363937.jpg" href="javascript:void(0)" width="280" height="97" pagename="分类信息" des="分类信息" />
  <ad id="34" title="疯狂让利" imgsrc="/ImgUpload/2011082217390423.jpg" href="javascript:void(0)" width="1000" height="93" pagename="商城购物" des="疯狂让利" />
  <ad id="35" title="疯狂购物" imgsrc="/ImgUpload/2011082217220155.jpg" href="javascript:void(0)" width="1000" height="93" pagename="商城购物" des="疯狂购物" />
  <ad id="36" title="国内热点资讯" imgsrc="/ImgUpload/2011082313330463.gif" href="javascript:void(0)" width="219" height="119" pagename="商城资讯" des="国内热点资讯" />
  <ad id="37" title="开店热点资讯" imgsrc="/ImgUpload/2011082310484926.png" href="javascript:void(0)" width="219" height="119" pagename="商城资讯" des="开店热点资讯" />
  <ad id="38" title="开店技巧" imgsrc="/ImgUpload/2011082314062915.png" href="javascript:void(0)" width="126" height="136" pagename="商城资讯" des="开店技巧" />
  <ad id="39" title="系统热点资讯" imgsrc="/ImgUpload/2011082314112932.png" href="javascript:void(0)" width="219" height="119" pagename="商城资讯" des="系统热点资讯" />
  <ad id="40" title="系统分类资讯" imgsrc="/ImgUpload/2011082314150412.png" href="javascript:void(0)" width="126" height="136" pagename="商城资讯" des="系统分类资讯" />
  <ad id="41" title="资讯网商社区" imgsrc="../Images/pan_ad04.jpg" href="#" width="1190" height="92" pagename="资讯网商社区" des="资讯网商社区" />
  <ad id="53" title="最新推荐图" imgsrc="../Images/53.jpg" href="javascript:void(0);" width="230" height="425" pagename="首页" des="最新推荐图" />
  <ad id="54" title="一楼广告图上" imgsrc="../Images/c1.jpg" href="javascript:void(0);" width="270" height="462" pagename="首页" des="美容、珠宝" />
  <ad id="55" title="二楼广告上" imgsrc="../Images/c2.jpg" href="javascript:void(0);" width="270" height="462" pagename="首页" des="服饰内衣" />
  <ad id="56" title="二楼广告图横幅" imgsrc="../Images/lmf_ad01.jpg" href="javascript:void(0);" width="1190" height="90" pagename="首页" des="" />
  <ad id="66" title="三楼广告上" imgsrc="../Images/c3.jpg" href="javascript:void(0);" width="270" height="462" pagename="首页" des="" />
  <ad id="68" title="四楼广告图上" imgsrc="../Images/c4.jpg" href="javascript:void(0);" width="270" height="462" pagename="首页" des="" />
  <ad id="70" title="四楼广告图横幅" imgsrc="../Images/lmf_ad02.jpg" href="javascript:void(0);" width="1190" height="90" pagename="首页" des="" />
  <ad id="71" title="五楼广告图上" imgsrc="../Images/c5.jpg" href="javascript:void(0);" width="270" height="462" pagename="首页" des="" />
  <ad id="73" title="六楼广告图上" imgsrc="../Images/c6.jpg" href="javascript:void(0);" width="270" height="462" pagename="首页" des="" />
  <ad id="75" title="七楼广告图上" imgsrc="../Images/c7.jpg" href="javascript:void(0);" width="270" height="462" pagename="首页" des="" />
  <ad id="77" title="底部广告" imgsrc="../images/lmf_ad03.jpg" href="" width="1190" height="90" pagename="首页" des="" />
  <ad id="90" title="积分中部" imgsrc="../Images/sad.jpg" href="javascript:void(0);" width="1190" height="90" pagename="积分页面" des="" />
  <ad id="81" title="积分页面左下角广告" imgsrc="../Images/sad.jpg" href="javascript:void(0);" width="218" height="327" pagename="积分页面" des="" />
  <ad id="91" title="视频中部广告一" imgsrc="../Images/video01.jpg" href="javascript:void(0);" width="962" height="90" pagename="视频页面" des="" />
  <ad id="92" title="视频中部广告二" imgsrc="../Images/video02.jpg" href="javascript:void(0);" width="962" height="90" pagename="视频页面" des="" />
  <ad id="87" title="资讯中部广告三楼左" imgsrc="../Images/new_leftad2.png" href="javascript:void(0);" width="277" height="373" pagename="资讯页面" des="" />
  <ad id="88" title="资讯中部广告一楼左" imgsrc="../Images/new_leftad.png" href="javascript:void(0);" width="277" height="373" pagename="资讯页面" des="" />
  <ad id="89" title="资讯中部广告二楼左" imgsrc="../Images/new_leftad1.png" href="javascript:void(0);" width="277" height="373" pagename="资讯页面" des="" />
</ads>