﻿<?xml version="1.0" encoding="utf-8"?>
<ads>
  <ad guid="a25481d9-5cd4-4e83-b996-4131f2c211a1" explain="1 夏日火爆促销，快来抢购" pagename="优惠券展现页" filename="CouponsList.aspx" divid="ad7" type="1" content="ImgUpload/20131010161516921.jpg" href="" width="222" height="100" />
  <ad guid="a25481d9-5cd4-4e83-b996-4131f2c212w2" explain="2 近在咫尺的优雅典范——因您而存在" pagename="优惠券展现页" filename="CouponsList.aspx" divid="ad7" type="2" content="/ImgUpload/qianggou_img2.jpg" href="" width="222" height="100" />
  <ad guid="a25481d9-5cd4-4e83-b996-4131f2c213r3" explain="3 夏日火爆促销，快来抢购" pagename="优惠券展现页" filename="CouponsList.aspx" divid="ad7" type="2" content="/ImgUpload/qianggou_img3.jpg" href="" width="222" height="100" />
  <ad guid="a25481d9-5cd4-4e83-b996-4131f2c213t4" explain="4 夏日火爆促销，快来抢购" pagename="优惠券展现页" filename="CouponsList.aspx" divid="ad7" type="2" content="/ImgUpload/qianggou_img4.jpg" href="" width="222" height="100" />
  <ad guid="a25481d9-5cd4-4e83-b996-4131f2c212w5" explain="5 近在咫尺的优雅典范——因您而存在" pagename="优惠券展现页" filename="CouponsList.aspx" divid="ad7" type="2" content="/ImgUpload/qianggou_img5.jpg" href="" width="222" height="100" />
  <ad guid="a25481d9-5cd4-4e83-b996-4131f2c21111" explain="1 夏日火爆促销，快来抢购" pagename="积分展现页" filename="Integral.aspx" divid="ad8" type="2" content="/ImgUpload/qianggou_img1.jpg" href="" width="222" height="100" />
  <ad guid="a25481d9-5cd4-4e83-b996-4131f2c21222" explain="2 近在咫尺的优雅典范——因您而存在" pagename="积分展现页" filename="Integral.aspx" divid="ad8" type="2" content="/ImgUpload/qianggou_img2.jpg" href="" width="222" height="100" />
  <ad guid="a25481d9-5cd4-4e83-b996-4131f2c21333" explain="3 夏日火爆促销，快来抢购" pagename="积分展现页" filename="Integral.aspx" divid="ad8" type="2" content="/ImgUpload/qianggou_img3.jpg" href="" width="222" height="100" />
  <ad guid="a25481d9-5cd4-4e83-b996-4131f2c21344" explain="4 夏日火爆促销，快来抢购" pagename="积分展现页" filename="Integral.aspx" divid="ad8" type="2" content="/ImgUpload/qianggou_img4.jpg" href="" width="222" height="100" />
  <ad guid="a25481d9-5cd4-4e83-b996-4131f2c21255" explain="5 近在咫尺的优雅典范——因您而存在" pagename="积分展现页" filename="Integral.aspx" divid="ad8" type="2" content="/ImgUpload/qianggou_img5.jpg" href="" width="222" height="100" />
  <ad guid="a25481d9-5cd4-4e83-b996-4131f2c211aa" explain="1 夏日火爆促销，快来抢购" pagename="抢购展现页" filename="panicbuylist.aspx" divid="ad9" type="2" content="/ImgUpload/qianggou_img1.jpg" href="" width="222" height="100" />
  <ad guid="a25481d9-5cd4-4e83-b996-4131f2c211ws" explain="2 近在咫尺的优雅典范——因您而存在" pagename="抢购展现页" filename="panicbuylist.aspx" divid="ad9" type="2" content="/ImgUpload/qianggou_img2.jpg" href="" width="222" height="100" />
  <ad guid="a25481d9-5cd4-4e83-b996-4131f2c222rd" explain="3 夏日火爆促销，快来抢购" pagename="抢购展现页" filename="panicbuylist.aspx" divid="ad9" type="2" content="/ImgUpload/qianggou_img3.jpg" href="" width="222" height="100" />
  <ad guid="a25481d9-5cd4-4e83-b996-4131f2c233tf" explain="4 夏日火爆促销，快来抢购" pagename="抢购展现页" filename="panicbuylist.aspx" divid="ad9" type="2" content="/ImgUpload/qianggou_img4.jpg" href="" width="222" height="100" />
  <ad guid="a25481d9-5cd4-4e83-b996-4131f2c242ws" explain="5 近在咫尺的优雅典范——因您而存在" pagename="抢购展现页" filename="panicbuylist.aspx" divid="ad9" type="2" content="/ImgUpload/qianggou_img5.jpg" href="" width="222" height="100" />
  <ad guid="a25481d9-5cd4-4e83-b996-4131f2c252wf" explain="6 近在咫尺的优雅典范——因您而存在" pagename="抢购展现页" filename="panicbuylist.aspx" divid="ad9" type="2" content="/ImgUpload/qianggou_img5.jpg" href="" width="222" height="100" />
</ads>