﻿<?xml version="1.0" encoding="utf-8"?>
<SiteMeta>
  <Meta PageName="FindBackPassword.aspx" Title="找回密码" KeyWords="找回密码" Description="找回密码" />
  <Meta PageName="CompanyRegist.aspx" Title="企业会员注册" KeyWords="企业会员注册" Description="企业会员注册" />
  <Meta PageName="MessageBrandList.aspx" Title="商城留言" KeyWords="商城留言" Description="商城留言" />
  <Meta PageName="News_List.aspx" Title="商城资讯" KeyWords="商城资讯" Description="商城资讯" />
  <Meta PageName="OrganizBuyList.aspx" Title="团购列表" KeyWords="团购列表" Description="团购列表" />
  <Meta PageName="PanicBuyingListMore.aspx" Title="限时抢购列表" KeyWords="限时抢购列表" Description="限时抢购列表1" />
  <Meta PageName="ProductAdvancedSearch.aspx" Title="商品高级搜索" KeyWords="商品高级搜索" Description="商品高级搜索" />
  <Meta PageName="ProductCategoryMore.aspx" Title="更多商品分类" KeyWords="更多商品分类" Description="更多商品分类" />
  <Meta PageName="ProductCompare.aspx" Title="商品对比" KeyWords="商品对比" Description="商品对比" />
  <Meta PageName="ProductListBest.aspx" Title="更多精品推荐" KeyWords="更多精品推荐" Description="更多精品推荐" />
  <Meta PageName="ProductListHot.aspx" Title="更多热门商品" KeyWords="更多热门商品" Description="更多热门商品" />
  <Meta PageName="ProductListNew.aspx" Title="更多最新商品" KeyWords="更多最新商品" Description="更多最新商品" />
  <Meta PageName="ProductListRecommand.aspx" Title="更多站长推荐" KeyWords="更多站长推荐" Description="更多站长推荐" />
  <Meta PageName="ProductSearch.aspx" Title="商品搜索" KeyWords="商品搜索" Description="商品搜索" />
  <Meta PageName="SalesPromotion.aspx" Title="促销活动" KeyWords="促销活动" Description="促销活动" />
  <Meta PageName="ShoppingCart1.aspx" Title="购物车第一步" KeyWords="购物车第一步" Description="购物车第一步" />
  <Meta PageName="ShoppingCart2.aspx" Title="购物车第二步" KeyWords="购物车第二步" Description="购物车第二步" />
  <Meta PageName="ShoppingCart3.aspx" Title="购物车第三步" KeyWords="购物车第三步" Description="购物车第三步" />
  <Meta PageName="ShopRegProtocol.aspx" Title="用户注册协议" KeyWords="用户注册协议" Description="用户注册协议" />
  <Meta PageName="SurveyThemeDetail.aspx" Title="查看投票" KeyWords="查看投票" Description="查看投票" />
  <Meta PageName="Video.aspx" Title="商城视频" KeyWords="商城视频" Description="商城视频" />
  <Meta PageName="VideoSearchList.aspx" Title="视频搜索" KeyWords="视频搜索" Description="视频搜索" />
  <Meta PageName="WebMasterInfo.aspx" Title="站长档案" KeyWords="站长档案" Description="站长档案" />
  <Meta PageName="Wholesale1.aspx" Title="批发方案1" KeyWords="批发方案1" Description="批发方案1" />
  <Meta PageName="Wholesale2.aspx" Title="批发方案2" KeyWords="批发方案2" Description="批发方案2" />
  <Meta PageName="Wholesale3.aspx" Title="批发方案3" KeyWords="批发方案3" Description="批发方案3" />
  <Meta PageName="Address.aspx" Title="收获地址" KeyWords="批收获地址" Description="收获地址" />
  <Meta PageName="AddressOperate.aspx" Title="会员资料" KeyWords="会员资料" Description="会员资料" />
  <Meta PageName="AdvancePayment.aspx" Title="我的预存款" KeyWords="会我的预存款" Description="我的预存款" />
  <Meta PageName="AdvancePaymentAdd.aspx" Title="预存款充值" KeyWords="预存款充值" Description="预存款充值" />
  <Meta PageName="AdvancePaymentDecrease.aspx" Title="申请提现" KeyWords="申请提现" Description="申请提现" />
  <Meta PageName="ArticleComment.aspx" Title="资讯评论" KeyWords="资讯评论" Description="资讯评论" />
  <Meta PageName="ChangeScoreModifyLog.aspx" Title="我的积分" KeyWords="我的积分" Description="我的积分" />
  <Meta PageName="Collect.aspx" Title="我的收藏" KeyWords="我的收藏" Description="我的收藏" />
  <Meta PageName="FindBackPassword.aspx" Title="找回密码" KeyWords="找回密码" Description="找回密码" />
  <Meta PageName="MemberFavourTicket_List.aspx" Title="我的优惠券" KeyWords="我的优惠券" Description="我的优惠券" />
  <Meta PageName="MemberOperate.aspx" Title="个人信息" KeyWords="个人信息" Description="个人信息" />
  <Meta PageName="MemberRefund.aspx" Title="我的返修" KeyWords="我的返修" Description="我的返修" />
  <Meta PageName="MemberRefundApplication.aspx" Title="返修申请" KeyWords="文返修申请" Description="返修申请" />
  <Meta PageName="MemberRefundDetail.aspx" Title="返修申请详细信息" KeyWords="返修申请详细信息" Description="返修申请详细信息" />
  <Meta PageName="MemberRepairs.aspx" Title="我的退款" KeyWords="我的退款" Description="我的退款" />
  <Meta PageName="MemberRepairsApplication.aspx" Title="退款申请" KeyWords="退款申请" Description="退款申请" />
  <Meta PageName="MemberRepairsDetail.aspx" Title="款申请详细信息" KeyWords="款申请详细信息" Description="款申请详细信息" />
  <Meta PageName="MemberWelcome.aspx" Title="欢迎页" KeyWords="欢迎页" Description="欢迎页" />
  <Meta PageName="MessageBoard.aspx" Title="我的留言" KeyWords="我的留言" Description="我的留言" />
  <Meta PageName="MessageReply.aspx" Title="查看信息" KeyWords="查看信息" Description="查看信息" />
  <Meta PageName="MessageReplyOperate.aspx" Title="回复信息" KeyWords="回复信息" Description="回复信息" />
  <Meta PageName="MOrderDetail.aspx" Title="查看订单" KeyWords="查看订单" Description="查看订单" />
  <Meta PageName="OrderList.aspx" Title="我的订单" KeyWords="我的订单" Description="我的订单" />
  <Meta PageName="OutOfStock.aspx" Title="缺货登记" KeyWords="缺货登记" Description="缺货登记" />
  <Meta PageName="ProductComment.aspx" Title="商品评论" KeyWords="商品评论" Description="商品评论" />
  <Meta PageName="ReceiveMessage.aspx" Title="消息收件箱" KeyWords="消息收件箱" Description="消息收件箱" />
  <Meta PageName="SendMessage.aspx" Title="消息发件箱" KeyWords="消息发件箱" Description="消息发件箱" />
  <Meta PageName="SendMessageOperate.aspx" Title="发送短信" KeyWords="发送短信" Description="发送短信" />
  <Meta PageName="BrandMoreSearch.aspx" Title="品牌" KeyWords="品牌" Description="品牌" />
  <Meta PageName="ShopListSearch.aspx" Title="店铺66" KeyWords="店铺66" Description="店铺66" />
  <Meta PageName="CategoryShow.aspx" Title="分类" KeyWords="分类" Description="分类" />
  <Meta PageName="ShopListSearch.aspx" Title="店铺" KeyWords="店铺" Description="店铺" />
  <Meta PageName="SupplyDemandList.aspx" Title="供求" KeyWords="供求" Description="供求" />
  <Meta PageName="CouponsList.aspx" Title="优惠券" KeyWords="优惠券" Description="优惠券" />
  <Meta PageName="SpellBuyList.aspx" Title="团购" KeyWords="团购" Description="团购" />
  <Meta PageName="PanicBuyList.aspx" Title="抢购" KeyWords="抢购" Description="抢购" />
  <Meta PageName="City.aspx" Title="地图" KeyWords="地图" Description="地图" />
  <Meta PageName="Integral.aspx" Title="积分" KeyWords="积分" Description="积分" />
  <Meta PageName="Express.aspx" Title="快递" KeyWords="快递" Description="快递" />
  <Meta PageName="PreDeposits.aspx" Title="test" KeyWords="test" Description="test" />
  <Meta PageName="Login.aspx" Title="登录页面" KeyWords="登录页面" Description="登录页面" />
  <Meta PageName="ConfirmOrder.aspx" Title="购物车第二步" KeyWords="购物车第二步" Description="购物车第二步" />
  <Meta PageName="ProductIsPanic_Detail.aspx" Title="抢购详细" KeyWords="抢购详细" Description="抢购详细" />
  <Meta PageName="Default.aspx" Title="多用户城市商城8.2.1版本" KeyWords="多用户武汉商城8.2.1版本" Description="多用户城市商城8.2.1版本" />
  <Meta PageName="MemberRegister.aspx" Title="324" KeyWords="MemberRegister.aspx" Description="MemberRegister.aspx" />
</SiteMeta>